Year,Week,Percent of Deaths Due to Pneumonia and Influenza (P&I),"Percent of Deaths Due to Pneumonia, Influenza or COVID-19 (PIC)",Expected,Threshold,All Deaths,Pneumonia Deaths,Influenza Deaths,COVID-19 Deaths,"Pneumonia, Influenza or COVID-19 Deaths (PIC)"
2014,53,10.46946406,10.46946406,7.81631,8.22978,26477,2290,482,0,2772
2015,1,10.80761633,10.80761633,7.90836,8.32144,61762,5575,1100,0,6675
2015,2,10.74505829,10.74505829,7.98757,8.40028,61163,5589,983,0,6572
2015,3,10.05183644,10.05183644,8.05277,8.4651,58646,5184,711,0,5895
2015,4,9.499956366,9.499956366,8.10296,8.5149,57295,4857,586,0,5443
2015,5,9.106915608,9.106915608,8.13736,8.54892,57363,4740,484,0,5224
2015,6,8.804998147,8.804998147,8.15544,8.56662,56661,4584,405,0,4989
2015,7,8.447150168,8.447150168,8.15689,8.56769,56670,4502,285,0,4787
2015,8,8.485257309,8.485257309,8.14164,8.55206,56333,4559,221,0,4780
2015,9,8.381410824,8.381410824,8.10989,8.51993,56506,4545,191,0,4736
2015,10,8.263513877,8.263513877,8.01164,8.38067,55739,4447,159,0,4606
2015,11,7.960701497,7.960701497,7.95233,8.32101,54455,4196,139,0,4335
2015,12,7.531835206,7.531835206,7.87931,8.24764,53400,3901,121,0,4022
2015,13,7.410818329,7.410818329,7.79358,8.16157,53206,3844,99,0,3943
2015,14,7.453251571,7.453251571,7.69633,8.06397,52836,3838,100,0,3938
2015,15,7.56443957,7.56443957,7.58891,7.95619,52879,3925,75,0,4000
2015,16,7.498595587,7.498595587,7.47279,7.83973,51623,3808,63,0,3871
2015,17,7.192246436,7.192246436,7.34961,7.7162,51486,3653,50,0,3703
2015,18,6.92203521,6.92203521,7.22108,7.58732,51690,3550,28,0,3578
2015,19,6.893695897,6.893695897,7.08897,7.45487,50713,3474,22,0,3496
2015,20,6.587711307,6.587711307,6.95514,7.32069,49395,3240,14,0,3254
2015,21,6.803089578,6.803089578,6.82144,7.18664,49845,3373,18,0,3391
2015,22,6.512383272,6.512383272,6.68972,7.05457,49260,3198,10,0,3208
2015,23,6.47635108,6.47635108,6.5618,6.92631,49812,3215,11,0,3226
2015,24,6.42599719,6.42599719,6.43945,6.80361,49113,3150,6,0,3156
2015,25,6.525504901,6.525504901,6.32434,6.68815,49069,3198,4,0,3202
2015,26,6.331478699,6.331478699,6.21804,6.58151,49246,3112,6,0,3118
2015,27,6.31064986,6.31064986,6.12199,6.48511,48949,3082,7,0,3089
2015,28,6.170834687,6.170834687,6.03749,6.40026,49264,3033,7,0,3040
2015,29,6.193999178,6.193999178,5.96565,6.32807,48660,3011,3,0,3014
2015,30,6.002627689,6.002627689,5.9074,6.26947,48712,2920,4,0,2924
2015,31,6.10732838,6.10732838,5.86348,6.2252,48319,2947,4,0,2951
2015,32,5.916410725,5.916410725,5.83441,6.19579,48188,2843,8,0,2851
2015,33,6.068421921,6.068421921,5.8205,6.18154,48464,2935,6,0,2941
2015,34,5.999835113,5.999835113,5.82186,6.18254,48518,2906,5,0,2911
2015,35,6.036551597,6.036551597,5.83833,6.19867,48753,2940,3,0,2943
2015,36,6.048750512,6.048750512,5.86958,6.22957,48820,2950,3,0,2953
2015,37,6.164998979,6.164998979,5.91505,6.27469,48970,3013,6,0,3019
2015,38,6.20614124,6.20614124,5.97396,6.33325,49306,3052,8,0,3060
2015,39,6.271477663,6.271477663,6.04535,6.4043,48888,3060,6,0,3066
2015,40,6.30382026,6.30382026,6.1281,6.4867,51096,3207,14,0,3221
2015,41,6.299212598,6.299212598,6.22089,6.57915,50038,3145,7,0,3152
2015,42,6.368188513,6.368188513,6.32229,6.68021,50925,3227,16,0,3243
2015,43,6.314997128,6.314997128,6.43073,6.7883,50483,3171,17,0,3188
2015,44,6.594888229,6.594888229,6.54455,6.90177,51176,3355,20,0,3375
2015,45,6.38817734,6.38817734,6.66201,7.01889,50750,3228,14,0,3242
2015,46,6.506214777,6.506214777,6.78132,7.13785,51812,3358,13,0,3371
2015,47,6.507807038,6.507807038,6.90067,7.25686,51492,3337,14,0,3351
2015,48,6.689457814,6.689457814,7.01826,7.37411,52067,3461,22,0,3483
2015,49,6.617428189,6.617428189,7.1323,7.48782,53752,3537,20,0,3557
2015,50,6.711563481,6.711563481,7.24109,7.59626,52268,3482,26,0,3508
2015,51,6.671302125,6.671302125,7.34296,7.69779,53213,3535,15,0,3550
2015,52,7.519054226,7.519054226,7.43639,7.79089,52613,3925,31,0,3956
2016,1,7.658020515,7.658020515,7.51996,7.87412,55863,4246,32,0,4278
2016,2,7.759830198,7.759830198,7.5924,7.94622,55594,4284,30,0,4314
2016,3,7.395067541,7.395067541,7.6526,8.00609,55226,4048,36,0,4084
2016,4,7.484190859,7.484190859,7.69965,8.0528,55664,4116,50,0,4166
2016,5,7.521128804,7.521128804,7.7328,8.08562,55138,4086,61,0,4147
2016,6,7.363865849,7.363865849,7.75152,8.10401,55460,3991,93,0,4084
2016,7,7.47730105,7.47730105,7.75551,8.10766,56170,4051,149,0,4200
2016,8,8.005289759,8.005289759,7.74464,8.09646,55201,4232,187,0,4419
2016,9,8.063795169,8.063795169,7.71902,8.07052,55929,4253,257,0,4510
2016,10,8.150743402,8.150743402,7.67899,8.03016,56228,4288,295,0,4583
2016,11,8.253485518,8.253485518,7.62506,7.97591,54583,4154,351,0,4505
2016,12,8.189961869,8.189961869,7.55797,7.9085,54811,4194,295,0,4489
2016,13,7.745356123,7.745356123,7.47864,7.82884,53942,3896,282,0,4178
2016,14,7.758317767,7.758317767,7.38816,7.73805,54071,3945,250,0,4195
2016,15,7.640109171,7.640109171,7.28779,7.63736,53494,3891,196,0,4087
2016,16,7.208156202,7.208156202,7.17892,7.52818,53162,3684,148,0,3832
2016,17,6.908770556,6.908770556,7.06308,7.41201,51080,3402,127,0,3529
2016,18,6.813306813,6.813306813,6.94186,7.29049,51282,3403,91,0,3494
2016,19,6.497402216,6.497402216,6.81697,7.16529,51005,3240,74,0,3314
2016,20,6.586090747,6.586090747,6.69015,7.03815,50470,3290,34,0,3324
2016,21,6.395199144,6.395199144,6.56315,6.91085,50491,3199,30,0,3229
2016,22,6.119246862,6.119246862,6.43775,6.78515,49712,3025,17,0,3042
2016,23,6.394615061,6.394615061,6.31568,6.66278,49917,3175,17,0,3192
2016,24,5.886242061,5.886242061,6.19864,6.54544,49913,2920,18,0,2938
2016,25,5.81988191,5.81988191,6.08824,6.43474,49623,2876,12,0,2888
2016,26,5.87904247,5.87904247,5.98599,6.33219,49753,2915,10,0,2925
2016,27,5.883063056,5.883063056,5.89329,6.2392,49702,2914,10,0,2924
2016,28,5.906883978,5.906883978,5.8114,6.15702,49637,2926,6,0,2932
2016,29,5.626915038,5.626915038,5.74141,6.08675,49281,2768,5,0,2773
2016,30,5.652025192,5.652025192,5.68426,6.02931,49699,2804,5,0,2809
2016,31,5.752373258,5.752373258,5.64068,5.98545,49510,2846,2,0,2848
2016,32,5.687232374,5.687232374,5.61122,5.9557,49743,2827,2,0,2829
2016,33,5.765678953,5.765678953,5.5962,5.94041,49812,2867,5,0,2872
2016,34,5.721382987,5.721382987,5.59578,5.93971,49516,2827,6,0,2833
2016,35,5.796107694,5.796107694,5.60985,5.95352,49585,2869,5,0,2874
2016,36,5.762319304,5.762319304,5.63814,5.98154,50084,2881,5,0,2886
2016,37,6.211441391,6.211441391,5.68015,6.02328,49924,3093,8,0,3101
2016,38,6.065465333,6.065465333,5.73518,6.07805,49889,3017,9,0,3026
2016,39,5.962399284,5.962399284,5.80237,6.14497,50265,2986,11,0,2997
2016,40,5.920911867,5.920911867,5.88066,6.223,51411,3026,18,0,3044
2016,41,6.146558503,6.146558503,5.96883,6.31091,52143,3194,11,0,3205
2016,42,6.189273222,6.189273222,6.06554,6.40737,51460,3178,7,0,3185
2016,43,6.066389082,6.066389082,6.16933,6.5109,51876,3130,17,0,3147
2016,44,6.019278691,6.019278691,6.27861,6.61993,51767,3100,16,0,3116
2016,45,6.141753264,6.141753264,6.39175,6.73282,52542,3208,19,0,3227
2016,46,5.985335927,5.985335927,6.50703,6.84785,53464,3193,7,0,3200
2016,47,6.169008257,6.169008257,6.62274,6.96332,53169,3258,22,0,3280
2016,48,6.500998041,6.500998041,6.73715,7.07747,54607,3516,34,0,3550
2016,49,6.617846979,6.617846979,6.84853,7.18861,55169,3618,33,0,3651
2016,50,6.833273831,6.833273831,6.95523,7.29507,56020,3782,46,0,3828
2016,51,6.750185009,6.750185009,7.05566,7.39526,56754,3739,92,0,3831
2016,52,7.397450351,7.397450351,7.14831,7.48767,57655,4108,157,0,4265
2017,1,8.110369292,8.110369292,7.23181,7.57093,59763,4558,289,0,4847
2017,2,7.991144638,7.991144638,7.30489,7.64377,60980,4505,368,0,4873
2017,3,8.422579394,8.422579394,7.36646,7.7051,59293,4621,373,0,4994
2017,4,8.258824746,8.258824746,7.41559,7.75399,58047,4427,367,0,4794
2017,5,8.219811062,8.219811062,7.45153,7.7897,58432,4452,351,0,4803
2017,6,8.243842949,8.243842949,7.47373,7.81166,59038,4448,419,0,4867
2017,7,8.488517246,8.488517246,7.48182,7.81951,58479,4419,545,0,4964
2017,8,8.533488883,8.533488883,7.47566,7.81311,58288,4369,605,0,4974
2017,9,8.372921615,8.372921615,7.45529,7.79251,57256,4260,534,0,4794
2017,10,8.168484785,8.168484785,7.42098,7.75797,57477,4223,472,0,4695
2017,11,7.900310647,7.900310647,7.37319,7.70994,56656,4100,376,0,4476
2017,12,7.73073889,7.73073889,7.31258,7.64909,57045,4091,319,0,4410
2017,13,7.575893578,7.575893578,7.23998,7.57625,55703,3887,333,0,4220
2017,14,7.409488932,7.409488932,7.1564,7.49244,55159,3821,266,0,4087
2017,15,7.261989391,7.261989391,7.06302,7.39883,54861,3776,208,0,3984
2017,16,6.87959299,6.87959299,6.96115,7.29672,53070,3489,162,0,3651
2017,17,6.657284924,6.657284924,6.85222,7.18755,53295,3458,90,0,3548
2017,18,6.401807927,6.401807927,6.73776,7.07285,52657,3308,63,0,3371
2017,19,6.282581514,6.282581514,6.61938,6.95423,51985,3216,50,0,3266
2017,20,6.200457317,6.200457317,6.49874,6.83335,52480,3201,53,0,3254
2017,21,6.111198305,6.111198305,6.37754,6.71191,50972,3091,24,0,3115
2017,22,5.934914937,5.934914937,6.25748,6.59161,51256,3019,23,0,3042
2017,23,6.114590221,6.114590221,6.14023,6.47412,51418,3127,17,0,3144
2017,24,6.079099159,6.079099159,6.02744,6.36108,50797,3069,19,0,3088
2017,25,5.854087313,5.854087313,5.92068,6.25407,51195,2982,15,0,2997
2017,26,5.855740166,5.855740166,5.82142,6.15457,50617,2954,10,0,2964
2017,27,5.577032516,5.577032516,5.73103,6.06393,50959,2824,18,0,2842
2017,28,6.10529686,6.10529686,5.65075,5.9834,49973,3047,4,0,3051
2017,29,5.515989387,5.515989387,5.58167,5.91407,50127,2755,10,0,2765
2017,30,5.785827155,5.785827155,5.52472,5.85687,49362,2853,3,0,2856
2017,31,5.388623795,5.388623795,5.48064,5.81253,50087,2695,4,0,2699
2017,32,5.43225113,5.43225113,5.44999,5.78162,50237,2723,6,0,2729
2017,33,5.380093654,5.380093654,5.43312,5.7645,50185,2689,11,0,2700
2017,34,5.579901852,5.579901852,5.43022,5.76133,49517,2756,7,0,2763
2017,35,5.356861819,5.356861819,5.44122,5.77207,50832,2716,7,0,2723
2017,36,5.564818266,5.564818266,5.4659,5.79648,50981,2825,12,0,2837
2017,37,5.85754633,5.85754633,5.5038,5.83412,51694,3021,7,0,3028
2017,38,5.760296701,5.760296701,5.55431,5.88435,51230,2935,16,0,2951
2017,39,5.661920807,5.661920807,5.61661,5.94638,51343,2888,19,0,2907
2017,40,5.829975053,5.829975053,5.6897,6.0192,52110,3022,16,0,3038
2017,41,5.853270774,5.853270774,5.77246,6.10169,51578,3001,18,0,3019
2017,42,6.096346787,6.096346787,5.86361,6.19256,52228,3156,28,0,3184
2017,43,6.283778641,6.283778641,5.96175,6.29042,52548,3279,23,0,3302
2017,44,6.056372138,6.056372138,6.06537,6.39377,53679,3215,36,0,3251
2017,45,6.055428293,6.055428293,6.17292,6.50103,53258,3180,45,0,3225
2017,46,6.258020122,6.258020122,6.28275,6.61059,53771,3315,50,0,3365
2017,47,6.005173688,6.005173688,6.39322,6.72077,54120,3202,48,0,3250
2017,48,6.530314098,6.530314098,6.50265,6.82992,54760,3493,83,0,3576
2017,49,6.558143718,6.558143718,6.6094,6.93639,55595,3528,118,0,3646
2017,50,6.839811748,6.839811748,6.71186,7.03857,57370,3759,165,0,3924
2017,51,7.303587934,7.303587934,6.8085,7.13492,59505,3987,359,0,4346
2017,52,8.330332297,8.330332297,6.89785,7.22399,61090,4418,671,0,5089
2018,1,9.55786736,9.55786736,6.97857,7.30443,66134,5156,1165,0,6321
2018,2,10.54744796,10.54744796,7.04945,7.37502,67495,5583,1536,0,7119
2018,3,10.8869845,10.8869845,7.10941,7.43469,64646,5412,1626,0,7038
2018,4,10.56865244,10.56865244,7.15753,7.48253,62780,5187,1448,0,6635
2018,5,10.22895004,10.22895004,7.19307,7.51779,60974,4877,1360,0,6237
2018,6,9.707085583,9.707085583,7.21548,7.53992,61110,4689,1243,0,5932
2018,7,9.665601633,9.665601633,7.22439,7.54855,59779,4599,1179,0,5778
2018,8,9.201806447,9.201806447,7.21964,7.5435,57793,4426,892,0,5318
2018,9,8.435052565,8.435052565,7.20123,7.52482,56692,4044,738,0,4782
2018,10,8.000980856,8.000980856,7.16941,7.49272,57093,4061,507,0,4568
2018,11,7.62880375,7.62880375,7.1246,7.44762,56326,3853,444,0,4297
2018,12,7.420291934,7.420291934,7.06739,7.39013,55766,3793,345,0,4138
2018,13,7.398302924,7.398302924,6.99857,7.32103,54918,3779,284,0,4063
2018,14,7.230440916,7.230440916,6.9191,7.24128,55294,3698,300,0,3998
2018,15,6.887810531,6.887810531,6.83008,7.15198,55228,3590,214,0,3804
2018,16,6.630519264,6.630519264,6.73274,7.05437,54038,3430,153,0,3583
2018,17,6.538611871,6.538611871,6.62845,6.94981,53727,3394,119,0,3513
2018,18,6.148006178,6.148006178,6.51867,6.83975,53741,3198,106,0,3304
2018,19,5.920736973,5.920736973,6.40493,6.72574,52105,3032,53,0,3085
2018,20,5.922794263,5.922794263,6.28881,6.60935,50618,2955,43,0,2998
2018,21,5.845392605,5.845392605,6.17194,6.49222,50929,2951,26,0,2977
2018,22,5.74199236,5.74199236,6.05596,6.37596,51045,2905,26,0,2931
2018,23,5.619122709,5.619122709,5.94246,6.2622,52001,2908,14,0,2922
2018,24,5.738805535,5.738805535,5.83304,6.15252,51387,2935,14,0,2949
2018,25,5.626518298,5.626518298,5.7292,6.04842,51044,2865,7,0,2872
2018,26,5.65726084,5.65726084,5.63237,5.95134,50855,2868,9,0,2877
2018,27,5.376905812,5.376905812,5.54389,5.8626,51684,2769,10,0,2779
2018,28,5.442362915,5.442362915,5.46497,5.78343,51191,2781,5,0,2786
2018,29,5.362682527,5.362682527,5.39667,5.71488,50609,2706,8,0,2714
2018,30,5.394438477,5.394438477,5.33991,5.65786,50274,2700,12,0,2712
2018,31,5.262950017,5.262950017,5.29542,5.61313,50637,2661,4,0,2665
2018,32,5.264190555,5.264190555,5.26379,5.58126,50967,2673,10,0,2683
2018,33,5.210631995,5.210631995,5.24539,5.56262,50301,2616,5,0,2621
2018,34,5.396460493,5.396460493,5.24042,5.55741,50459,2713,10,0,2723
2018,35,5.208353915,5.208353915,5.24887,5.56563,50611,2630,6,0,2636
2018,36,5.477246069,5.477246069,5.27054,5.58707,50299,2749,6,0,2755
2018,37,5.42059002,5.42059002,5.30505,5.62136,51083,2761,8,0,2769
2018,38,5.486303627,5.486303627,5.35184,5.66792,51583,2819,11,0,2830
2018,39,5.54955945,5.54955945,5.41015,5.72601,50959,2814,14,0,2828
2018,40,5.689783601,5.689783601,5.47907,5.79471,52357,2969,10,0,2979
2018,41,5.548805184,5.548805184,5.55755,5.87297,51849,2865,12,0,2877
2018,42,5.675833821,5.675833821,5.64438,5.95959,52979,2989,18,0,3007
2018,43,5.745587114,5.745587114,5.73826,6.05325,53763,3065,24,0,3089
2018,44,5.645251501,5.645251501,5.83776,6.15254,53638,3003,25,0,3028
2018,45,5.698175912,5.698175912,5.94139,6.25597,53561,3022,30,0,3052
2018,46,5.79363048,5.79363048,6.0476,6.36198,54698,3143,26,0,3169
2018,47,5.850821376,5.850821376,6.15481,6.46899,54847,3178,31,0,3209
2018,48,6.038866691,6.038866691,6.26143,6.5754,55060,3287,38,0,3325
2018,49,6.173280683,6.173280683,6.36585,6.67963,55967,3399,56,0,3455
2018,50,6.389770692,6.389770692,6.46654,6.78013,56387,3552,51,0,3603
2018,51,6.329606567,6.329606567,6.562,6.87539,56528,3490,88,0,3578
2018,52,6.741512869,6.741512869,6.65081,6.96401,56026,3636,141,0,3777
2019,1,7.08416954,7.08416954,6.73165,7.04466,58299,3919,211,0,4130
2019,2,7.391796032,7.391796032,6.80331,7.11614,58362,4055,259,0,4314
2019,3,7.46307111,7.46307111,6.86474,7.17738,58220,4099,246,0,4345
2019,4,7.209711957,7.209711957,6.91502,7.22747,57908,3899,276,0,4175
2019,5,7.256968926,7.256968926,6.95338,7.26566,58151,3893,327,0,4220
2019,6,7.275647598,7.275647598,6.97926,7.29135,58524,3891,367,0,4258
2019,7,7.55,7.55,6.99223,7.30415,58000,3896,483,0,4379
2019,8,7.692440307,7.692440307,6.99211,7.30385,58005,3988,474,0,4462
2019,9,7.374249638,7.374249638,6.97885,7.29042,57972,3759,516,0,4275
2019,10,7.337819834,7.337819834,6.95264,7.26403,58546,3753,543,0,4296
2019,11,7.752473367,7.752473367,6.91382,7.22503,57917,3979,511,0,4490
2019,12,7.492643968,7.492643968,6.86293,7.17397,57096,3798,480,0,4278
2019,13,7.363034848,7.363034848,6.80068,7.11155,56675,3714,459,0,4173
2019,14,7.021449521,7.021449521,6.72795,7.03865,56598,3635,339,0,3974
2019,15,6.76493909,6.76493909,6.64576,6.9563,55492,3451,303,0,3754
2019,16,6.638516615,6.638516615,6.55528,6.86565,54470,3414,202,0,3616
2019,17,6.392574922,6.392574922,6.45778,6.76799,53656,3274,156,0,3430
2019,18,6.151480912,6.151480912,6.35466,6.66469,53987,3224,97,0,3321
2019,19,6.167021953,6.167021953,6.24736,6.55723,53478,3230,68,0,3298
2019,20,5.989398634,5.989398634,6.13741,6.44712,53578,3159,50,0,3209
2019,21,5.922339138,5.922339138,6.02638,6.33592,53695,3150,30,0,3180
2019,22,5.970375709,5.970375709,5.91582,6.2252,52727,3119,29,0,3148
2019,23,5.775201822,5.775201822,5.80731,6.11653,53141,3048,21,0,3069
2019,24,5.607157103,5.607157103,5.70237,6.01143,52647,2936,16,0,2952
2019,25,5.675820393,5.675820393,5.60249,5.9114,52292,2955,13,0,2968
2019,26,5.583328545,5.583328545,5.50908,5.81782,52209,2900,15,0,2915
2019,27,5.496331958,5.496331958,5.42344,5.73202,52344,2864,13,0,2877
2019,28,5.357108471,5.357108471,5.34677,5.65519,51931,2771,11,0,2782
2019,29,5.200487909,5.200487909,5.28013,5.5884,51649,2681,5,0,2686
2019,30,5.363710271,5.363710271,5.22446,5.53256,51662,2763,8,0,2771
2019,31,5.335537833,5.335537833,5.18049,5.48844,51410,2737,6,0,2743
2019,32,5.128799737,5.128799737,5.14884,5.45663,51747,2647,7,0,2654
2019,33,5.123179743,5.123179743,5.1299,5.43754,51023,2606,8,0,2614
2019,34,5.111520521,5.111520521,5.12391,5.43139,51022,2602,6,0,2608
2019,35,5.142488566,5.142488566,5.1309,5.43822,51162,2618,13,0,2631
2019,36,5.010031638,5.010031638,5.15073,5.45789,51836,2585,12,0,2597
2019,37,4.901903821,4.901903821,5.18307,5.49007,51633,2515,16,0,2531
2019,38,5.264886588,5.264886588,5.22739,5.53423,51758,2711,14,0,2725
2019,39,5.303461087,5.303461087,5.28302,5.5897,52758,2782,16,0,2798
2019,40,5.199375999,5.199375999,5.34909,5.65562,52564,2716,17,0,2733
2019,41,5.273864236,5.273864236,5.42462,5.73099,53092,2784,16,0,2800
2019,42,5.540935942,5.540935942,5.50847,5.81468,54341,2993,18,0,3011
2019,43,5.600473644,5.600473644,5.59937,5.90542,54049,2997,30,0,3027
2019,44,5.472664411,5.472664411,5.69598,6.00187,54087,2929,31,0,2960
2019,45,5.59256001,5.59256001,5.79685,6.10258,55699,3084,31,0,3115
2019,46,5.632593176,5.632593176,5.90048,6.20606,55889,3109,39,0,3148
2019,47,5.453736655,5.453736655,6.00535,6.31078,56200,3015,50,0,3065
2019,48,5.527511358,5.527511358,6.1099,6.41516,55468,3000,66,0,3066
2019,49,5.990960334,5.990960334,6.21258,6.51768,57303,3332,101,0,3433
2019,50,6.238293444,6.238293444,6.31187,6.61682,57660,3486,111,0,3597
2019,51,6.136700044,6.136700044,6.40631,6.7111,57425,3395,129,0,3524
2019,52,6.402449454,6.402449454,6.49449,6.79912,58462,3540,203,0,3743
2020,1,7.552386981,7.552386981,6.57513,6.8796,60034,4102,432,0,4534
2020,2,7.607116921,7.607116921,6.64702,6.95133,60588,4137,472,1,4609
2020,3,7.636320651,7.636320651,6.70909,7.01325,59217,4057,465,2,4522
2020,4,7.460182989,7.465266012,6.76044,7.06444,59020,3905,498,3,4406
2020,5,7.308223029,7.308223029,6.80029,7.10413,58701,3810,480,0,4290
2020,6,7.303512762,7.308567096,6.82803,7.13172,59355,3816,519,4,4338
2020,7,7.494165148,7.500979574,6.84326,7.14679,58699,3839,560,6,4403
2020,8,7.277398717,7.282503275,6.84573,7.1491,58771,3711,566,6,4280
2020,9,7.587453339,7.594209753,6.83539,7.1386,59203,3837,655,9,4496
2020,10,7.738794695,7.769011247,6.8159,7.11911,59570,3976,634,38,4628
2020,11,7.849298926,7.898826704,6.78401,7.08722,58553,3971,625,60,4625
2020,12,8.631717883,9.174901855,6.74019,7.0434,59096,4543,558,586,5422
2020,13,10.51961891,13.2314348,6.68508,6.98829,62873,6169,445,3211,8319
2020,14,14.39739414,21.465105,6.61949,6.9227,72145,9911,476,10113,15486
2020,15,15.78420693,26.82593165,6.54438,6.84759,78946,11988,473,16306,21178
2020,16,15.21311133,27.8289894,6.46086,6.76407,76697,11405,263,17201,21344
2020,17,14.24892239,26.1948654,6.37013,6.67334,73774,10369,143,15525,19325
2020,18,13.00212486,24.0774201,6.27354,6.57675,69181,8929,66,13199,16657
2020,19,11.80200573,21.54132126,6.17249,6.4757,66709,7825,48,11223,14370
2020,20,10.56072299,18.98631966,6.06845,6.37166,64399,6779,22,9229,12227
2020,21,9.619635891,16.51657997,5.96294,6.26615,61520,5894,24,7228,10161
2020,22,8.856447689,15.02810639,5.8575,6.16071,59595,5266,12,6160,8956
2020,23,8.342969866,13.26270322,5.75368,6.05689,58804,4895,11,5046,7799
2020,24,7.855662983,11.93024862,5.65297,5.95618,57920,4539,11,4227,6910
2020,25,7.548701299,11.41717325,5.55687,5.86008,57904,4363,8,3844,6611
2020,26,7.334908892,11.2190026,5.46676,5.76997,58392,4271,12,3835,6551
2020,27,7.642960035,11.88737396,5.38396,5.68717,59702,4559,4,4540,7097
2020,28,8.972491909,13.91585761,5.30969,5.6129,61800,5535,10,5770,8600
2020,29,9.833645513,15.73859488,5.24504,5.54824,62998,6182,13,7166,9915
2020,30,10.56735598,17.20938212,5.19094,5.49415,64122,6765,11,8229,11035
2020,31,10.68760624,17.24552019,5.14819,5.4514,64121,6840,13,8285,11058
2020,32,10.71945388,16.81294828,5.11744,5.42064,63576,6805,10,7848,10689
2020,33,10.25491647,15.87756452,5.09912,5.40233,63511,6508,5,7248,10084
2020,34,9.577194106,14.63164638,5.09352,5.39673,62440,5968,12,6375,9136
2020,35,9.106264349,13.78156773,5.10073,5.40394,60980,5541,12,5739,8404
2020,36,8.670126069,12.83804012,5.12067,5.42388,60126,5204,9,5010,7719
2020,37,8.310942433,12.21199704,5.15304,5.45625,59548,4942,7,4618,7272
2020,38,8.009993628,11.74083638,5.19739,5.5006,59638,4772,5,4273,7002
2020,39,8.15952137,11.76246984,5.2531,5.55631,60506,4933,4,4296,7117
2020,40,8.100549303,11.78657556,5.31937,5.62257,59712,4829,8,4240,7038
2020,41,8.428460241,12.39460371,5.39524,5.69845,61672,5186,12,4813,7644
2020,42,8.650238815,13.16211347,5.47963,5.78284,60507,5218,16,5195,7964
2020,43,9.116969707,14.33011773,5.57134,5.87455,62093,5646,15,5990,8898
2020,44,9.73676315,15.674199,5.66903,5.97224,63327,6145,21,7019,9926
2020,45,10.53903043,17.44549672,5.77132,6.07453,67473,7090,21,8754,11771
2020,46,11.75631829,19.90571666,5.87673,6.17994,68729,8060,20,10644,13681
2020,47,13.20818015,23.00842897,5.98374,6.28695,71539,9419,30,13343,16460
2020,48,14.33685879,25.40242136,6.09082,6.39403,73182,10465,27,15615,18590
2020,49,15.66612747,28.14105468,6.19643,6.49964,77275,12071,35,18545,21746
2020,50,16.24460977,29.5293241,6.29904,6.60225,81861,13269,29,20913,24173
2020,51,17.30072464,30.93115942,6.39719,6.7004,82800,14293,32,22313,25611
2020,52,17.72178951,31.69286664,6.48947,6.79268,84224,14894,32,23363,26693
2020,53,18.5129752,32.54507357,6.57454,6.87775,86858,16037,43,24842,28268
2021,1,19.37206519,33.79292883,6.65119,6.9544,86888,16800,32,25973,29362
2021,2,19.39540536,33.32148753,6.71832,7.02153,87232,16883,36,25687,29067
2021,3,18.92289829,32.21968183,6.77497,7.07818,83539,15777,31,23683,26916
2021,4,17.54057507,29.57078342,6.82033,7.12354,79051,13832,34,20321,23376
2021,5,16.09037328,26.36018337,6.85375,7.15696,76350,12257,28,17032,20126
2021,6,14.324737,23.07563002,6.87477,7.17797,71387,10202,24,13518,16473
2021,7,12.88109207,20.00634253,6.88308,7.18629,69373,8921,15,10806,13879
2021,8,11.31509029,17.38693166,6.87858,7.18179,66619,7520,18,8653,11583
2021,9,10.38881374,15.24269401,6.86135,7.16456,63578,6579,26,6731,9691
2021,10,9.363411119,13.73257113,6.83165,7.13486,61751,5769,13,5724,8480
2021,11,8.817329239,12.72138767,6.78991,7.09312,60245,5306,6,4892,7664
2021,12,8.408551851,11.93174331,6.73676,7.03997,60712,5088,17,4460,7244
2021,13,8.151069679,11.68706995,6.67298,6.97619,58569,4757,17,4197,6845
2021,14,8.158136785,11.57282702,6.59949,6.9027,60884,4955,12,4313,7046
2021,15,8.40223653,11.94340901,6.51739,6.8206,59020,4952,7,4449,7049
2021,16,8.540741849,12.11199229,6.42786,6.73107,60147,5122,15,4599,7285
2021,17,8.174172363,11.42943305,6.33221,6.63542,59688,4873,6,4164,6822
2021,18,8.115129903,11.26337239,6.23185,6.53506,58890,4770,9,4006,6633
2021,19,7.781053931,10.62844996,6.12823,6.43144,58334,4529,10,3678,6200
2021,20,7.435831841,9.92069583,6.02287,6.32608,58635,4351,9,3237,5817
2021,21,7.029502237,9.177502796,5.91731,6.22052,57216,4017,5,2770,5251
2021,22,6.784300734,8.562760449,5.81308,6.11629,57353,3883,8,2347,4911
2021,23,6.585849371,8.199856143,5.71171,6.01492,57001,3748,6,2034,4674
2021,24,6.48268133,7.887087171,5.61468,5.91789,57106,3691,11,1776,4504
2021,25,6.134061482,7.501101031,5.5234,5.82661,56765,3474,8,1632,4258
2021,26,5.907356758,7.14771005,5.43921,5.74242,57403,3384,7,1542,4103
2021,27,6.234772397,7.545880002,5.36333,5.66654,57051,3554,3,1645,4305
2021,28,6.73139272,8.319167207,5.29688,5.60009,57061,3833,8,1990,4747
2021,29,7.266430053,9.341083278,5.24083,5.54404,58323,4229,9,2760,5448
2021,30,8.480941145,11.42201987,5.19601,5.49922,60182,5094,10,4105,6874
2021,31,10.28898462,14.58759159,5.16307,5.46628,63602,6533,11,6481,9278
2021,32,12.71232057,18.3687201,5.14251,5.44572,66880,8491,11,9405,12285
2021,33,14.57527575,21.64159863,5.13463,5.43784,69810,10164,11,12179,15108
2021,34,15.99861063,23.79715179,5.13956,5.44276,71975,11499,16,14170,17128
2021,35,16.83526012,25.01090632,5.15723,5.46044,73352,12317,32,15490,18346
2021,36,16.77337792,24.9581991,5.18741,5.49062,73563,12324,15,15413,18360
2021,37,16.66438806,24.96445368,5.22966,5.53287,73144,12172,17,15208,18260
2021,38,16.00633034,24.07890718,5.2834,5.58661,72034,11512,18,14347,17345
2021,39,15.03434134,22.21301459,5.34784,5.65105,71197,10685,19,12828,15815
2021,40,14.15563514,20.55561194,5.42208,5.72528,68969,9743,20,11177,14177
2021,41,13.14704399,19.08279197,5.50503,5.80824,67422,8853,11,9878,12866
2021,42,12.35748547,17.78013538,5.59553,5.89873,66923,8255,15,8941,11899
2021,43,11.76550414,16.6357564,5.69225,5.99546,66321,7789,14,7959,11033
2021,44,10.99213451,15.61367362,5.79383,6.09704,66493,7302,7,7287,10382
2021,45,10.74075725,15.26224322,5.89879,6.202,67323,7205,26,7159,10275
2021,46,10.98605041,15.71424295,6.00563,6.30884,66812,7324,16,7309,10499
2021,47,11.21940431,16.36832793,6.11281,6.41602,67820,7590,19,7886,11101
2021,48,11.9407035,17.35764985,6.21879,6.522,70021,8324,37,8781,12154
2021,49,12.56233938,18.35382371,6.32205,6.62526,71985,8987,56,9734,13212
2021,50,13.15190514,19.17921771,6.4211,6.72431,71176,9303,58,10249,13651
2021,51,13.17584429,19.43658848,6.51452,6.81773,72132,9418,86,10455,14020
2021,52,13.73856579,20.75065002,6.60097,6.90418,74229,10046,152,11670,15403
2022,1,15.05327704,23.89173703,6.67921,6.98242,79584,11792,188,15106,19014
2022,2,16.10299317,26.83832194,6.74812,7.05133,84860,13523,142,19053,22775
2022,3,17.02586207,29.16979011,6.8067,7.10991,85376,14387,149,21300,24904
2022,4,16.88633202,28.75297668,6.85413,7.15734,84826,14231,93,20931,24390
2022,5,16.41425995,27.32662994,6.88973,7.19294,80954,13200,88,18717,22122
2022,6,14.50595199,23.94718012,6.91298,7.21619,76865,11065,85,15276,18407
2022,7,12.99528602,20.68204018,6.92358,7.22679,70641,9113,67,11523,14610
2022,8,11.15819853,17.25829726,6.92137,7.22458,65835,7281,65,8270,11362
2022,9,9.595480085,14.17920902,6.9064,7.20961,64249,6103,62,6031,9110
2022,10,7.915943768,11.71825596,6.8789,7.18211,61673,4818,64,4389,7227
2022,11,7.392441957,10.14307952,6.83927,7.14248,60386,4400,64,3113,6125
2022,12,6.882202853,9.28472353,6.78811,7.09132,58397,3935,84,2499,5422
2022,13,6.359031104,8.352495721,6.72616,7.02937,57839,3603,75,1904,4831
2022,14,5.939459197,7.665723068,6.65433,6.95754,57581,3325,95,1549,4414
2022,15,6.059869848,7.613015184,6.57368,6.87689,57625,3398,94,1402,4387
2022,16,6.030719197,7.550771515,6.48538,6.78859,56577,3307,105,1343,4272
2022,17,5.951257037,7.564949823,6.39073,6.69394,57198,3309,95,1423,4327
2022,18,5.8014948,7.46180247,6.2911,6.59431,57399,3248,82,1429,4283
2022,19,6.017301038,7.941176471,6.18796,6.49117,57800,3381,97,1662,4590
2022,20,6.261843089,8.344488292,6.0828,6.38601,57523,3513,89,1741,4800
2022,21,6.040928078,8.224226895,5.97716,6.28037,56978,3360,82,1935,4686
2022,22,6.277847396,8.576998051,5.87258,6.17579,57456,3525,82,1994,4928
2022,23,6.194629134,8.570935152,5.77059,6.0738,57905,3516,71,2122,4963
2022,24,6.305977921,8.762063459,5.67268,5.97589,57612,3559,74,2185,5048
2022,25,6.088018299,8.672846407,5.58027,5.88348,58147,3505,35,2317,5043
2022,26,6.061757392,8.743782813,5.49472,5.79793,57904,3470,40,2407,5063
2022,27,6.236748203,9.086207788,5.41727,5.72048,58011,3583,35,2577,5271
2022,28,6.170658066,9.495299527,5.34906,5.65227,58292,3579,18,2908,5535
2022,29,6.405676043,9.985071873,5.29109,5.5943,59619,3795,24,3208,5953
2022,30,6.538881682,10.29221001,5.24421,5.54742,58588,3808,23,3377,6030
2022,31,6.446639446,10.17738848,5.20911,5.51232,59023,3790,15,3343,6007
2022,32,6.566469239,10.12530385,5.18631,5.48952,58418,3822,14,3254,5915
2022,33,6.399175187,9.863390326,5.17615,5.47935,58195,3705,19,3134,5740
2022,34,6.344634912,9.678198186,5.17878,5.48199,57986,3665,14,3002,5612
2022,35,6.154990229,9.397644536,5.19419,5.4974,57823,3547,12,2892,5434
2022,36,6.15661104,9.311082585,5.22216,5.52537,58425,3579,18,2777,5440
2022,37,6.186936199,9.001845559,5.2623,5.56551,57977,3570,17,2474,5219
2022,38,6.122309298,8.974709969,5.31404,5.61725,58442,3559,19,2519,5245
2022,39,6.110280599,8.716944172,5.37663,5.67984,58197,3532,24,2350,5073
2022,40,5.963915521,8.395475067,5.44919,5.7524,59139,3499,28,2162,4965
2022,41,6.003442109,8.428103803,5.53067,5.83388,59266,3502,56,2105,4995
2022,42,6.416456759,8.811083123,5.61991,5.92312,59550,3766,55,2155,5247
2022,43,6.202555082,8.629715036,5.71563,6.01884,59411,3599,86,2196,5127
2022,44,6.407550807,8.778809884,5.81644,6.11965,60179,3707,149,2194,5283
2022,45,6.59210811,9.001947177,5.92091,6.22412,60087,3752,209,2141,5409
2022,46,6.742724868,9.158399471,6.02752,6.33073,60480,3839,239,2196,5539
2022,47,7.228227227,9.685253083,6.13475,6.43796,63003,4165,389,2405,6102
2022,48,8.227341875,10.67860672,6.24106,6.54427,63763,4459,787,2470,6809
2022,49,8.864543392,11.65192895,6.34492,6.64813,63895,4722,942,2864,7445
2022,50,8.975175048,11.9473143,6.44483,6.74804,61269,4549,950,2926,7320
2022,51,8.666975039,11.65989961,6.53936,6.84257,58371,4240,819,2837,6806
2022,52,9.076993455,12.36188331,6.62715,6.93036,56836,4365,794,2965,7026
2023,1,9.35567449,12.87516311,6.70694,7.01015,52877,4223,724,3016,6808
2023,2,8.740241142,12.30886497,6.77759,7.0808,43294,3348,436,2515,5329
2023,3,8.581283245,11.95561835,6.83808,7.14129,24064,1877,188,1332,2877
